"REPO_URL","TASK_ID","#HASHES","HASHES","#PROD_FILES","#TEST_FILES","LAST"
"https://github.com/TheOdinProject/theodinproject.git","332","21","[298cc4ed311f0dca7724470d40db7bac72d8eba3, 255cf8507b71b9bee44d4b34417390e109c3264a, b89d9087466a48b75bfa8171ac54aab25d7658ec, 47b284cc183bb0eade6582566b2a8e9cbf80d95d, 64ff8af5f22dc5dbbabcbf9c4a75318c35b863cc, 1b991b93e30b998316110c79df5d933e55ecb8ec, 84d983d90425d040317bf65df1a7b485ea67bb23, 6229efb4fc03041d7657a9a462aecdcb8688ce2c, e9cf5c53f964ea39fffc484cf1d75062af2f9361, 32ce8bf9e0c8a2ef0759eba86a935d50e55aa94b, c92324547db381252117b38ff56c9e991fdf4142, 50b244e58b29bde751c1df17f1dca16384fb8293, 89a4a6c8aa1e07a22174dd076fd4829e42fefe05, 595db542f151d5e755d666733713c8d707a82dcd, adc1df06992d40944a2c196126eecd780c753a0a, 2f04d1d47b8a809b62b3b6286e1bdbc4df39c6d2, 51643e584f8b71631b42faa0f316e9b55d563285, 3bd82f2283088500fbb6c83656539bbd5feaf6d6, 83dd3cbdd5f12d9ded02070e813246bf139e3bc6, 40b7497bbfd118dda52151641fd673e06557ba4d, 92f9157eb4b30665d43615235785a036f731ce80]","23","4","92f9157eb4b30665d43615235785a036f731ce80"
"https://github.com/TheOdinProject/theodinproject.git","337","40","[583385fc964b9f28fc20042464c54d84de02e77b, bfcb46d13bd71febeb05ba0bc989f7c0d906edb2, 05850db395fb6f26699ea380ae372ad5a00f68c4, c428cdca4abfb40cd66835c7636a7ea45dc3339b, 293511dc1b83ff51145fc0cf4666bfba4815f42b, f1a46a07e518b40d6cfd5050a844e732a70b89f8, 1002d86c7a40a31a5cfd09a3e504278d9b029544, f069707c5a9282bf5fb8512bff26ba3d55e0a5b4, 7b30c83c9d46fb24e86f434396acddba7821331e, 6f1298eedb7c9303e997f9bcea71459e0a4f8fb9, 18577c1f4c02e8b80e8109a324237817ab44b688, a9c8c2f84f9c022a9ea5bb80de0ad0e8aa4f9531, 0aba423a54d7d6b73cf98c1c0a4eb3f2e4777a2b, 6c114edb7ef805e53a4eb4fadab0310186b79c7c, 620cbfc0a84c6d5e4c632b4c5defd6263a0dbaaa, 314181d6ff431ae8c4943eaafb0278d6cdab1dc3, b91f21560043668aae87a05138e80ec7009c3320, b9c3aabaf1a6893e09189c35d49c39548bdd7d79, f6708772e6384bd929b77cc66ba819002cb4d8c8, 62abb790990c3c90c8151acdb05d1d185d27f597, 166371e52547a9ffc322bd727973feca61d5ebac, c6a9a4be4f296c4c2a49957c3f2377823709edc4, caf17cba385ec24a1964460fb0a1f79a3abf7bbb, e4f07b2b60dd34ebe98374369654aeb9ec529df0, dc70ff24c2ca3183a8ec74d84b41891675cdfa04, 21f1d64d8eb697c55ff511e9c36416375491de4b, 298cc4ed311f0dca7724470d40db7bac72d8eba3, 255cf8507b71b9bee44d4b34417390e109c3264a, b89d9087466a48b75bfa8171ac54aab25d7658ec, 47b284cc183bb0eade6582566b2a8e9cbf80d95d, 64ff8af5f22dc5dbbabcbf9c4a75318c35b863cc, 1b991b93e30b998316110c79df5d933e55ecb8ec, 84d983d90425d040317bf65df1a7b485ea67bb23, 6229efb4fc03041d7657a9a462aecdcb8688ce2c, e9cf5c53f964ea39fffc484cf1d75062af2f9361, 32ce8bf9e0c8a2ef0759eba86a935d50e55aa94b, c92324547db381252117b38ff56c9e991fdf4142, 50b244e58b29bde751c1df17f1dca16384fb8293, 89a4a6c8aa1e07a22174dd076fd4829e42fefe05, 595db542f151d5e755d666733713c8d707a82dcd]","23","4","595db542f151d5e755d666733713c8d707a82dcd"
"https://github.com/TheOdinProject/theodinproject.git","339","6","[f6708772e6384bd929b77cc66ba819002cb4d8c8, 166371e52547a9ffc322bd727973feca61d5ebac, c6a9a4be4f296c4c2a49957c3f2377823709edc4, caf17cba385ec24a1964460fb0a1f79a3abf7bbb, e4f07b2b60dd34ebe98374369654aeb9ec529df0, dc70ff24c2ca3183a8ec74d84b41891675cdfa04]","1","2","dc70ff24c2ca3183a8ec74d84b41891675cdfa04"
"https://github.com/TheOdinProject/theodinproject.git","346","1","[6c114edb7ef805e53a4eb4fadab0310186b79c7c]","2","1","6c114edb7ef805e53a4eb4fadab0310186b79c7c"
"https://github.com/TheOdinProject/theodinproject.git","388","8","[32316a8f89493d1bbf8580fb36ea1822cc625c6f, b5adcf1f1a5b4f8b3c46d485f71b3e9bae1f5846, 26b7eeb992e09558e20790e9020b7bcc38cb7ef8, c44c5b22cb6aa705a6d6f0df9965cca2c4e50c8e, cbe57ebd7d0d2c113240bc15c6926b00b0e2087b, 64b5f742442007908eed3853b00967bc8571d822, 6370148cc5dab5751e3a3b508bc85d4adad3f997, b658079f5182c5755375228a3423d01bfc137b5d]","31","1","b658079f5182c5755375228a3423d01bfc137b5d"